name,city,title,completed
Leanne Graham,Gwenborough,delectus aut autem,0
Leanne Graham,Gwenborough,quis ut nam facilis et officia qui,0
Leanne Graham,Gwenborough,fugiat veniam minus,0
Leanne Graham,Gwenborough,et porro tempora,1
Leanne Graham,Gwenborough,laboriosam mollitia et enim quasi adipisci quia provident illum,0
Leanne Graham,Gwenborough,qui ullam ratione quibusdam voluptatem quia omnis,0
Leanne Graham,Gwenborough,illo expedita consequatur quia in,0
Leanne Graham,Gwenborough,quo adipisci enim quam ut ab,1
Leanne Graham,Gwenborough,molestiae perspiciatis ipsa,0
Leanne Graham,Gwenborough,illo est ratione doloremque quia maiores aut,1
Leanne Graham,Gwenborough,vero rerum temporibus dolor,1
Leanne Graham,Gwenborough,ipsa repellendus fugit nisi,1
Leanne Graham,Gwenborough,et doloremque nulla,0
Leanne Graham,Gwenborough,repellendus sunt dolores architecto voluptatum,1
Leanne Graham,Gwenborough,ab voluptatum amet voluptas,1
Leanne Graham,Gwenborough,accusamus eos facilis sint et aut voluptatem,1
Leanne Graham,Gwenborough,quo laboriosam deleniti aut qui,1
Leanne Graham,Gwenborough,dolorum est consequatur ea mollitia in culpa,0
Leanne Graham,Gwenborough,molestiae ipsa aut voluptatibus pariatur dolor nihil,1
Leanne Graham,Gwenborough,ullam nobis libero sapiente ad optio sint,1
Ervin Howell,Wisokyburgh,suscipit repellat esse quibusdam voluptatem incidunt,0
Ervin Howell,Wisokyburgh,distinctio vitae autem nihil ut molestias quo,1
Ervin Howell,Wisokyburgh,et itaque necessitatibus maxime molestiae qui quas velit,0
Ervin Howell,Wisokyburgh,adipisci non ad dicta qui amet quaerat doloribus ea,0
Ervin Howell,Wisokyburgh,voluptas quo tenetur perspiciatis explicabo natus,1
Ervin Howell,Wisokyburgh,aliquam aut quasi,1
Ervin Howell,Wisokyburgh,veritatis pariatur delectus,1
Ervin Howell,Wisokyburgh,nesciunt totam sit blanditiis sit,0
Ervin Howell,Wisokyburgh,laborum aut in quam,0
Ervin Howell,Wisokyburgh,nemo perspiciatis repellat ut dolor libero commodi blanditiis omnis,1
Ervin Howell,Wisokyburgh,repudiandae totam in est sint facere fuga,0
Ervin Howell,Wisokyburgh,earum doloribus ea doloremque quis,0
Ervin Howell,Wisokyburgh,sint sit aut vero,0
Ervin Howell,Wisokyburgh,porro aut necessitatibus eaque distinctio,0
Ervin Howell,Wisokyburgh,repellendus veritatis molestias dicta incidunt,1
Ervin Howell,Wisokyburgh,excepturi deleniti adipisci voluptatem et neque optio illum ad,1
Ervin Howell,Wisokyburgh,sunt cum tempora,0
Ervin Howell,Wisokyburgh,totam quia non,0
Ervin Howell,Wisokyburgh,doloremque quibusdam asperiores libero corrupti illum qui omnis,0
Ervin Howell,Wisokyburgh,totam atque quo nesciunt,1
Clementine Bauch,McKenziehaven,aliquid amet impedit consequatur aspernatur placeat eaque fugiat suscipit,0
Clementine Bauch,McKenziehaven,rerum perferendis error quia ut eveniet,0
Clementine Bauch,McKenziehaven,tempore ut sint quis recusandae,1
Clementine Bauch,McKenziehaven,cum debitis quis accusamus doloremque ipsa natus sapiente omnis,1
Clementine Bauch,McKenziehaven,velit soluta adipisci molestias reiciendis harum,0
Clementine Bauch,McKenziehaven,vel voluptatem repellat nihil placeat corporis,0
Clementine Bauch,McKenziehaven,nam qui rerum fugiat accusamus,0
Clementine Bauch,McKenziehaven,sit reprehenderit omnis quia,0
Clementine Bauch,McKenziehaven,ut necessitatibus aut maiores debitis officia blanditiis velit et,0
Clementine Bauch,McKenziehaven,cupiditate necessitatibus ullam aut quis dolor voluptate,1
Clementine Bauch,McKenziehaven,distinctio exercitationem ab doloribus,0
Clementine Bauch,McKenziehaven,nesciunt dolorum quis recusandae ad pariatur ratione,0
Clementine Bauch,McKenziehaven,qui labore est occaecati recusandae aliquid quam,0
Clementine Bauch,McKenziehaven,quis et est ut voluptate quam dolor,1
Clementine Bauch,McKenziehaven,voluptatum omnis minima qui occaecati provident nulla voluptatem ratione,1
Clementine Bauch,McKenziehaven,deleniti ea temporibus enim,1
Clementine Bauch,McKenziehaven,pariatur et magnam ea doloribus similique voluptatem rerum quia,0
Clementine Bauch,McKenziehaven,est dicta totam qui explicabo doloribus qui dignissimos,0
Clementine Bauch,McKenziehaven,perspiciatis velit id laborum placeat iusto et aliquam odio,0
Clementine Bauch,McKenziehaven,et sequi qui architecto ut adipisci,1
Patricia Lebsack,South Elvis,odit optio omnis qui sunt,1
Patricia Lebsack,South Elvis,et placeat et tempore aspernatur sint numquam,0
Patricia Lebsack,South Elvis,doloremque aut dolores quidem fuga qui nulla,1
Patricia Lebsack,South Elvis,voluptas consequatur qui ut quia magnam nemo esse,0
Patricia Lebsack,South Elvis,fugiat pariatur ratione ut asperiores necessitatibus magni,0
Patricia Lebsack,South Elvis,rerum eum molestias autem voluptatum sit optio,0
Patricia Lebsack,South Elvis,quia voluptatibus voluptatem quos similique maiores repellat,0
Patricia Lebsack,South Elvis,aut id perspiciatis voluptatem iusto,0
Patricia Lebsack,South Elvis,doloribus sint dolorum ab adipisci itaque dignissimos aliquam suscipit,0
Patricia Lebsack,South Elvis,ut sequi accusantium et mollitia delectus sunt,0
Patricia Lebsack,South Elvis,aut velit saepe ullam,0
Patricia Lebsack,South Elvis,praesentium facilis facere quis harum voluptatibus voluptatem eum,0
Patricia Lebsack,South Elvis,sint amet quia totam corporis qui exercitationem commodi,1
Patricia Lebsack,South Elvis,expedita tempore nobis eveniet laborum maiores,0
Patricia Lebsack,South Elvis,occaecati adipisci est possimus totam,0
Patricia Lebsack,South Elvis,sequi dolorem sed,1
Patricia Lebsack,South Elvis,maiores aut nesciunt delectus exercitationem vel assumenda eligendi at,0
Patricia Lebsack,South Elvis,reiciendis est magnam amet nemo iste recusandae impedit quaerat,0
Patricia Lebsack,South Elvis,eum ipsa maxime ut,1
Patricia Lebsack,South Elvis,tempore molestias dolores rerum sequi voluptates ipsum consequatur,1
Chelsey Dietrich,Roscoeview,suscipit qui totam,1
Chelsey Dietrich,Roscoeview,voluptates eum voluptas et dicta,0
Chelsey Dietrich,Roscoeview,quidem at rerum quis ex aut sit quam,1
Chelsey Dietrich,Roscoeview,sunt veritatis ut voluptate,0
Chelsey Dietrich,Roscoeview,et quia ad iste a,1
Chelsey Dietrich,Roscoeview,incidunt ut saepe autem,1
Chelsey Dietrich,Roscoeview,laudantium quae eligendi consequatur quia et vero autem,1
Chelsey Dietrich,Roscoeview,vitae aut excepturi laboriosam sint aliquam et et accusantium,0
Chelsey Dietrich,Roscoeview,sequi ut omnis et,1
Chelsey Dietrich,Roscoeview,molestiae nisi accusantium tenetur dolorem et,1
Chelsey Dietrich,Roscoeview,nulla quis consequatur saepe qui id expedita,1
Chelsey Dietrich,Roscoeview,in omnis laboriosam,1
Chelsey Dietrich,Roscoeview,odio iure consequatur molestiae quibusdam necessitatibus quia sint,1
Chelsey Dietrich,Roscoeview,facilis modi saepe mollitia,0
Chelsey Dietrich,Roscoeview,vel nihil et molestiae iusto assumenda nemo quo ut,1
Chelsey Dietrich,Roscoeview,nobis suscipit ducimus enim asperiores voluptas,0
Chelsey Dietrich,Roscoeview,dolorum laboriosam eos qui iure aliquam,0
Chelsey Dietrich,Roscoeview,debitis accusantium ut quo facilis nihil quis sapiente necessitatibus,1
Chelsey Dietrich,Roscoeview,neque voluptates ratione,0
Chelsey Dietrich,Roscoeview,excepturi a et neque qui expedita vel voluptate,0
Mrs. Dennis Schulist,South Christy,explicabo enim cumque porro aperiam occaecati minima,0
Mrs. Dennis Schulist,South Christy,sed ab consequatur,0
Mrs. Dennis Schulist,South Christy,non sunt delectus illo nulla tenetur enim omnis,0
Mrs. Dennis Schulist,South Christy,excepturi non laudantium quo,0
Mrs. Dennis Schulist,South Christy,totam quia dolorem et illum repellat voluptas optio,1
Mrs. Dennis Schulist,South Christy,ad illo quis voluptatem temporibus,1
Mrs. Dennis Schulist,South Christy,praesentium facilis omnis laudantium fugit ad iusto nihil nesciunt,0
Mrs. Dennis Schulist,South Christy,a eos eaque nihil et exercitationem incidunt delectus,1
Mrs. Dennis Schulist,South Christy,autem temporibus harum quisquam in culpa,1
Mrs. Dennis Schulist,South Christy,aut aut ea corporis,1
Mrs. Dennis Schulist,South Christy,magni accusantium labore et id quis provident,0
Mrs. Dennis Schulist,South Christy,consectetur impedit quisquam qui deserunt non rerum consequuntur eius,0
Mrs. Dennis Schulist,South Christy,quia atque aliquam sunt impedit voluptatum rerum assumenda nisi,0
Mrs. Dennis Schulist,South Christy,cupiditate quos possimus corporis quisquam exercitationem beatae,0
Mrs. Dennis Schulist,South Christy,sed et ea eum,0
Mrs. Dennis Schulist,South Christy,ipsa dolores vel facilis ut,1
Mrs. Dennis Schulist,South Christy,sequi quae est et qui qui eveniet asperiores,0
Mrs. Dennis Schulist,South Christy,quia modi consequatur vero fugiat,0
Mrs. Dennis Schulist,South Christy,corporis ducimus ea perspiciatis iste,0
Mrs. Dennis Schulist,South Christy,dolorem laboriosam vel voluptas et aliquam quasi,0
Kurtis Weissnat,Howemouth,inventore aut nihil minima laudantium hic qui omnis,1
Kurtis Weissnat,Howemouth,provident aut nobis culpa,1
Kurtis Weissnat,Howemouth,esse et quis iste est earum aut impedit,0
Kurtis Weissnat,Howemouth,qui consectetur id,0
Kurtis Weissnat,Howemouth,aut quasi autem iste tempore illum possimus,0
Kurtis Weissnat,Howemouth,ut asperiores perspiciatis veniam ipsum rerum saepe,1
Kurtis Weissnat,Howemouth,voluptatem libero consectetur rerum ut,1
Kurtis Weissnat,Howemouth,eius omnis est qui voluptatem autem,0
Kurtis Weissnat,Howemouth,rerum culpa quis harum,0
Kurtis Weissnat,Howemouth,nulla aliquid eveniet harum laborum libero alias ut unde,1
Kurtis Weissnat,Howemouth,qui ea incidunt quis,0
Kurtis Weissnat,Howemouth,qui molestiae voluptatibus velit iure harum quisquam,1
Kurtis Weissnat,Howemouth,et labore eos enim rerum consequatur sunt,1
Kurtis Weissnat,Howemouth,molestiae doloribus et laborum quod ea,0
Kurtis Weissnat,Howemouth,facere ipsa nam eum voluptates reiciendis vero qui,0
Kurtis Weissnat,Howemouth,asperiores illo tempora fuga sed ut quasi adipisci,0
Kurtis Weissnat,Howemouth,qui sit non,0
Kurtis Weissnat,Howemouth,placeat minima consequatur rem qui ut,1
Kurtis Weissnat,Howemouth,consequatur doloribus id possimus voluptas a voluptatem,0
Kurtis Weissnat,Howemouth,aut consectetur in blanditiis deserunt quia sed laboriosam,1
Nicholas Runolfsdottir V,Aliyaview,explicabo consectetur debitis voluptates quas quae culpa rerum non,1
Nicholas Runolfsdottir V,Aliyaview,maiores accusantium architecto necessitatibus reiciendis ea aut,1
Nicholas Runolfsdottir V,Aliyaview,eum non recusandae cupiditate animi,0
Nicholas Runolfsdottir V,Aliyaview,ut eum exercitationem sint,0
Nicholas Runolfsdottir V,Aliyaview,beatae qui ullam incidunt voluptatem non nisi aliquam,0
Nicholas Runolfsdottir V,Aliyaview,molestiae suscipit ratione nihil odio libero impedit vero totam,1
Nicholas Runolfsdottir V,Aliyaview,eum itaque quod reprehenderit et facilis dolor autem ut,1
Nicholas Runolfsdottir V,Aliyaview,esse quas et quo quasi exercitationem,0
Nicholas Runolfsdottir V,Aliyaview,animi voluptas quod perferendis est,0
Nicholas Runolfsdottir V,Aliyaview,eos amet tempore laudantium fugit a,0
Nicholas Runolfsdottir V,Aliyaview,accusamus adipisci dicta qui quo ea explicabo sed vero,1
Nicholas Runolfsdottir V,Aliyaview,odit eligendi recusandae doloremque cumque non,0
Nicholas Runolfsdottir V,Aliyaview,ea aperiam consequatur qui repellat eos,0
Nicholas Runolfsdottir V,Aliyaview,rerum non ex sapiente,1
Nicholas Runolfsdottir V,Aliyaview,voluptatem nobis consequatur et assumenda magnam,1
Nicholas Runolfsdottir V,Aliyaview,nam quia quia nulla repellat assumenda quibusdam sit nobis,1
Nicholas Runolfsdottir V,Aliyaview,dolorem veniam quisquam deserunt repellendus,1
Nicholas Runolfsdottir V,Aliyaview,debitis vitae delectus et harum accusamus aut deleniti a,1
Nicholas Runolfsdottir V,Aliyaview,debitis adipisci quibusdam aliquam sed dolore ea praesentium nobis,1
Nicholas Runolfsdottir V,Aliyaview,et praesentium aliquam est,0
Glenna Reichert,Bartholomebury,ex hic consequuntur earum omnis alias ut occaecati culpa,1
Glenna Reichert,Bartholomebury,omnis laboriosam molestias animi sunt dolore,1
Glenna Reichert,Bartholomebury,natus corrupti maxime laudantium et voluptatem laboriosam odit,0
Glenna Reichert,Bartholomebury,reprehenderit quos aut aut consequatur est sed,0
Glenna Reichert,Bartholomebury,fugiat perferendis sed aut quidem,0
Glenna Reichert,Bartholomebury,quos quo possimus suscipit minima ut,0
Glenna Reichert,Bartholomebury,et quis minus quo a asperiores molestiae,0
Glenna Reichert,Bartholomebury,recusandae quia qui sunt libero,0
Glenna Reichert,Bartholomebury,ea odio perferendis officiis,1
Glenna Reichert,Bartholomebury,quisquam aliquam quia doloribus aut,0
Glenna Reichert,Bartholomebury,fugiat aut voluptatibus corrupti deleniti velit iste odio,1
Glenna Reichert,Bartholomebury,et provident amet rerum consectetur et voluptatum,0
Glenna Reichert,Bartholomebury,harum ad aperiam quis,0
Glenna Reichert,Bartholomebury,similique aut quo,0
Glenna Reichert,Bartholomebury,laudantium eius officia perferendis provident perspiciatis asperiores,1
Glenna Reichert,Bartholomebury,magni soluta corrupti ut maiores rem quidem,0
Glenna Reichert,Bartholomebury,et placeat temporibus voluptas est tempora quos quibusdam,0
Glenna Reichert,Bartholomebury,nesciunt itaque commodi tempore,1
Glenna Reichert,Bartholomebury,omnis consequuntur cupiditate impedit itaque ipsam quo,1
Glenna Reichert,Bartholomebury,debitis nisi et dolorem repellat et,1
Clementina DuBuque,Lebsackbury,ut cupiditate sequi aliquam fuga maiores,0
Clementina DuBuque,Lebsackbury,inventore saepe cumque et aut illum enim,1
Clementina DuBuque,Lebsackbury,omnis nulla eum aliquam distinctio,1
Clementina DuBuque,Lebsackbury,molestias modi perferendis perspiciatis,0
Clementina DuBuque,Lebsackbury,voluptates dignissimos sed doloribus animi quaerat aut,0
Clementina DuBuque,Lebsackbury,explicabo odio est et,0
Clementina DuBuque,Lebsackbury,consequuntur animi possimus,0
Clementina DuBuque,Lebsackbury,vel non beatae est,1
Clementina DuBuque,Lebsackbury,culpa eius et voluptatem et,1
Clementina DuBuque,Lebsackbury,accusamus sint iusto et voluptatem exercitationem,1
Clementina DuBuque,Lebsackbury,temporibus atque distinctio omnis eius impedit tempore molestias pariatur,1
Clementina DuBuque,Lebsackbury,ut quas possimus exercitationem sint voluptates,0
Clementina DuBuque,Lebsackbury,rerum debitis voluptatem qui eveniet tempora distinctio a,1
Clementina DuBuque,Lebsackbury,sed ut vero sit molestiae,0
Clementina DuBuque,Lebsackbury,rerum ex veniam mollitia voluptatibus pariatur,1
Clementina DuBuque,Lebsackbury,consequuntur aut ut fugit similique,1
Clementina DuBuque,Lebsackbury,dignissimos quo nobis earum saepe,1
Clementina DuBuque,Lebsackbury,quis eius est sint explicabo,1
Clementina DuBuque,Lebsackbury,numquam repellendus a magnam,1
Clementina DuBuque,Lebsackbury,ipsam aperiam voluptates qui,0
